dataset,seed,method,ACC,F1_macro
emnist-balanced,0,scan,0.55,0.5517523900067437
emnist-balanced,1,scan,0.531063829787234,0.5313976135210078
emnist-balanced,2,scan,0.5243085106382979,0.5240401252078538
emnist-balanced,3,scan,0.5275531914893618,0.5255034366904143
emnist-balanced,4,scan,0.5338297872340425,0.5338579777506507
emnist-balanced,0,selflabel,0.5252127659574468,0.48405986983032456
emnist-balanced,1,selflabel,0.5121808510638298,0.456410262859144
emnist-balanced,2,selflabel,0.5430851063829787,0.5020450050009463
emnist-balanced,3,selflabel,0.5072340425531915,0.47897079023839867
emnist-balanced,4,selflabel,0.5413297872340426,0.5227789860219013
emnist-digits,0,scan,0.9288,0.9288270012223545
emnist-digits,1,scan,0.933275,0.9333577483037647
emnist-digits,2,scan,0.9271,0.9270928972336485
emnist-digits,3,scan,0.929225,0.9292663979879464
emnist-digits,4,scan,0.926175,0.9262668953393096
emnist-digits,0,selflabel,0.527425,0.475395747169243
emnist-digits,1,selflabel,0.527425,0.475395747169243
emnist-digits,2,selflabel,0.527425,0.475395747169243
emnist-digits,3,selflabel,0.527425,0.475395747169243
emnist-digits,4,selflabel,0.527425,0.475395747169243
kmnist,0,scan,0.5204,0.528020391873184
kmnist,1,scan,0.5299,0.5334917880951602
kmnist,2,scan,0.5149,0.5354288128247898
kmnist,3,scan,0.4905,0.49561506688424234
kmnist,4,scan,0.5211,0.5246746069726667
kmnist,0,selflabel,0.5107,0.5158315127622469
kmnist,1,selflabel,0.5217,0.5157108439641884
kmnist,2,selflabel,0.4895,0.5105869128606143
kmnist,3,selflabel,0.4657,0.4720341180329865
kmnist,4,selflabel,0.5212,0.521942896920868
omniglot20,0,scan,0.99875,0.9987512328668473
omniglot20,1,scan,0.99825,0.9982498484224888
omniglot20,2,scan,0.99825,0.9982493593474407
omniglot20,3,scan,0.99875,0.9987499828121582
omniglot20,4,scan,0.997,0.9969993060388809
omniglot20,0,selflabel,1.0,1.0
omniglot20,1,selflabel,0.99975,0.9997499984374902
omniglot20,2,selflabel,0.9995,0.9994999968749806
omniglot20,3,selflabel,1.0,1.0
omniglot20,4,selflabel,0.99975,0.9997499984374902
omniglot50,0,scan,0.9905,0.9905180631375144
omniglot50,1,scan,0.9911,0.9911600866704364
omniglot50,2,scan,0.9887,0.9888105415132584
omniglot50,3,scan,0.9895,0.989590784955815
omniglot50,4,scan,0.9711,0.9710966220338055
omniglot50,0,selflabel,0.9476,0.9336481548957886
omniglot50,1,selflabel,0.9721,0.9661332728088938
omniglot50,2,selflabel,0.9862,0.9859095180390931
omniglot50,3,selflabel,0.9854,0.9840056384663167
omniglot50,4,selflabel,0.9719,0.9718128891373091
